-- phpMyAdmin SQL Dump
-- version 4.8.5
-- https://www.phpmyadmin.net/
--
-- Servidor: 127.0.0.1
-- Tiempo de generación: 14-02-2020 a las 13:04:25
-- Versión del servidor: 10.1.37-MariaDB
-- Versión de PHP: 7.3.1

SET SQL_MODE = "NO_AUTO_VALUE_ON_ZERO";
SET AUTOCOMMIT = 0;
START TRANSACTION;
SET time_zone = "+00:00";


/*!40101 SET @OLD_CHARACTER_SET_CLIENT=@@CHARACTER_SET_CLIENT */;
/*!40101 SET @OLD_CHARACTER_SET_RESULTS=@@CHARACTER_SET_RESULTS */;
/*!40101 SET @OLD_COLLATION_CONNECTION=@@COLLATION_CONNECTION */;
/*!40101 SET NAMES utf8mb4 */;

--
-- Base de datos: `control_ventas`
--

-- --------------------------------------------------------

--
-- Estructura de tabla para la tabla `clientes`
--

CREATE TABLE `clientes` (
  `id` int(11) NOT NULL,
  `nombre` varchar(60) NOT NULL,
  `email` varchar(60) NOT NULL,
  `telefono` varchar(12) NOT NULL
) ENGINE=InnoDB DEFAULT CHARSET=utf8;

--
-- Volcado de datos para la tabla `clientes`
--

INSERT INTO `clientes` (`id`, `nombre`, `email`, `telefono`) VALUES
(1, 'Dabfeed', 'pgolsworthy0@accuweather.com', '513-372-9745'),
(2, 'Photojam', 'qrobson1@google.co.uk', '543-428-8088'),
(3, 'Rhybox', 'drigate2@mail.ru', '390-441-8937'),
(4, 'Devcast', 'pmanton3@prweb.com', '110-854-3382'),
(5, 'Skaboo', 'vklimentyonok4@cbc.ca', '163-700-2531'),
(6, 'Oodoo', 'dsellors5@earthlink.net', '925-227-4282'),
(7, 'Thoughtmix', 'wcandey6@netscape.com', '701-804-0193'),
(8, 'LiveZ', 'mslevin7@about.com', '196-603-0331'),
(9, 'Muxo', 'mgavrieli8@sbwire.com', '581-734-6694'),
(10, 'Tavu', 'dhalsall9@upenn.edu', '563-959-6055'),
(11, 'Tagchat', 'szannutoa@oakley.com', '932-283-2135'),
(12, 'Quimba', 'sternentb@issuu.com', '624-105-0032'),
(13, 'Quinu', 'tbreckellc@cpanel.net', '123-364-0261'),
(14, 'Youbridge', 'bmacfarlaned@google.nl', '207-565-6399'),
(15, 'Bubblebox', 'givakine@jugem.jp', '682-511-5369'),
(16, 'Flashdog', 'jmoralesf@wisc.edu', '902-124-3545'),
(17, 'Jetpulse', 'wmedwellg@slideshare.net', '440-777-6513'),
(18, 'Yacero', 'rblackh@pinterest.com', '507-676-9595'),
(19, 'Kwinu', 'htrattoni@goo.ne.jp', '403-803-0760'),
(20, 'Yadel', 'olandaj@a8.net', '494-595-1073');

-- --------------------------------------------------------

--
-- Estructura de tabla para la tabla `vendedores`
--

CREATE TABLE `vendedores` (
  `id` int(11) NOT NULL,
  `nombre` varchar(30) NOT NULL,
  `apellidos` varchar(60) NOT NULL,
  `email` varchar(60) NOT NULL,
  `telefono` varchar(12) NOT NULL
) ENGINE=InnoDB DEFAULT CHARSET=utf8;

--
-- Volcado de datos para la tabla `vendedores`
--

INSERT INTO `vendedores` (`id`, `nombre`, `apellidos`, `email`, `telefono`) VALUES
(1, 'Rochelle', 'Dennistoun', 'rdennistoun0@gravatar.com', '689-464-9493'),
(2, 'Barbra', 'Foye', 'bfoye1@unicef.org', '211-488-9256'),
(3, 'Fay', 'McCree', 'fmccree2@geocities.jp', '855-590-3921'),
(4, 'Ina', 'Vittel', 'ivittel3@storify.com', '158-515-0746'),
(5, 'Marilee', 'Goult', 'mgoult4@creativecommons.org', '642-818-7816'),
(6, 'Udell', 'Bradforth', 'ubradforth5@google.fr', '602-852-4100'),
(7, 'Krystalle', 'Limbrick', 'klimbrick6@tiny.cc', '412-205-4063'),
(8, 'Nickie', 'Erlam', 'nerlam7@sun.com', '448-374-7564'),
(9, 'Missie', 'Curle', 'mcurle8@netscape.com', '416-597-1499'),
(10, 'Cordelie', 'Etienne', 'cetienne9@fc2.com', '574-530-1589');

-- --------------------------------------------------------

--
-- Estructura de tabla para la tabla `ventas`
--

CREATE TABLE `ventas` (
  `id` int(11) NOT NULL,
  `vendedor` int(11) NOT NULL,
  `cliente` int(11) NOT NULL,
  `fecha` date NOT NULL,
  `importe` decimal(12,2) NOT NULL
) ENGINE=InnoDB DEFAULT CHARSET=utf8;

--
-- Volcado de datos para la tabla `ventas`
--

INSERT INTO `ventas` (`id`, `vendedor`, `cliente`, `fecha`, `importe`) VALUES
(1, 8, 17, '2019-08-23', '3588.23'),
(2, 10, 9, '2020-01-26', '1037.16'),
(3, 5, 20, '2019-10-28', '2633.57'),
(4, 5, 15, '2019-11-23', '8526.58'),
(5, 5, 9, '2019-06-05', '6593.53'),
(6, 7, 10, '2019-03-05', '2731.34'),
(7, 4, 4, '2019-02-10', '1660.28'),
(8, 4, 15, '2019-09-03', '7823.37'),
(9, 8, 18, '2019-10-27', '5974.97'),
(10, 8, 10, '2019-03-15', '9226.94'),
(11, 6, 18, '2019-04-15', '8478.23'),
(12, 8, 14, '2019-10-05', '5843.72'),
(13, 1, 14, '2019-12-03', '8380.28'),
(14, 9, 20, '2019-06-18', '8418.38'),
(15, 4, 14, '2019-05-19', '269.59'),
(16, 8, 13, '2019-06-27', '4364.87'),
(17, 6, 16, '2019-11-24', '1513.40'),
(18, 10, 7, '2019-08-20', '8703.77'),
(19, 7, 15, '2019-11-07', '3150.90'),
(20, 3, 7, '2019-05-03', '3353.65'),
(21, 10, 13, '2019-12-04', '782.16'),
(22, 5, 8, '2019-12-11', '4262.19'),
(23, 5, 17, '2019-12-10', '3677.60'),
(24, 7, 19, '2019-03-11', '5467.34'),
(25, 6, 18, '2019-03-06', '1683.83'),
(26, 8, 11, '2019-10-05', '4348.12'),
(27, 2, 16, '2019-08-13', '2943.39'),
(28, 10, 17, '2019-09-18', '756.66'),
(29, 1, 14, '2019-05-22', '97.84'),
(30, 3, 20, '2019-12-27', '5644.13'),
(31, 10, 4, '2019-05-05', '1447.35'),
(32, 2, 18, '2019-06-17', '6115.02'),
(33, 10, 19, '2020-01-07', '2359.74'),
(34, 7, 11, '2019-05-25', '5954.23'),
(35, 3, 17, '2019-10-23', '9478.37'),
(36, 5, 9, '2020-02-01', '5151.00'),
(37, 10, 11, '2020-01-15', '9262.20'),
(38, 6, 1, '2019-10-16', '6952.50'),
(39, 5, 10, '2020-01-03', '999.41'),
(40, 3, 18, '2019-11-13', '7029.55'),
(41, 4, 8, '2019-05-28', '6150.22'),
(42, 3, 18, '2019-03-18', '8233.27'),
(43, 10, 15, '2019-03-11', '934.23'),
(44, 6, 5, '2020-01-23', '2912.90'),
(45, 3, 19, '2019-12-09', '7941.92'),
(46, 5, 12, '2019-11-15', '9721.39'),
(47, 5, 9, '2019-12-06', '2949.17'),
(48, 3, 16, '2019-09-22', '9625.62'),
(49, 8, 4, '2020-02-03', '8917.89'),
(50, 10, 9, '2019-08-19', '2797.87'),
(51, 5, 15, '2019-08-01', '7846.39'),
(52, 1, 11, '2019-06-29', '6309.83'),
(53, 2, 11, '2019-04-26', '596.11'),
(54, 7, 15, '2019-09-03', '2534.35'),
(55, 3, 17, '2019-12-21', '3726.15'),
(56, 4, 5, '2019-02-16', '64.58'),
(57, 2, 4, '2019-11-27', '2149.63'),
(58, 1, 19, '2019-04-04', '651.70'),
(59, 6, 20, '2019-05-09', '8499.41'),
(60, 7, 2, '2020-01-17', '4532.69'),
(61, 7, 20, '2019-04-15', '7414.32'),
(62, 8, 6, '2019-03-10', '210.99'),
(63, 5, 11, '2020-01-08', '9922.03'),
(64, 10, 19, '2019-11-10', '8658.37'),
(65, 9, 14, '2019-11-22', '571.24'),
(66, 5, 19, '2020-02-01', '7861.54'),
(67, 5, 1, '2019-10-27', '8438.25'),
(68, 3, 2, '2019-10-10', '7841.90'),
(69, 5, 14, '2019-05-13', '1863.34'),
(70, 3, 11, '2019-02-19', '6106.47'),
(71, 7, 9, '2019-07-01', '8627.76'),
(72, 2, 19, '2019-10-24', '8665.14'),
(73, 3, 13, '2019-04-24', '5939.32'),
(74, 2, 14, '2019-06-27', '8100.44'),
(75, 4, 18, '2019-07-13', '4594.86'),
(76, 2, 4, '2019-09-23', '2975.64'),
(77, 2, 10, '2019-07-23', '7445.82'),
(78, 7, 14, '2019-07-12', '5481.72'),
(79, 10, 13, '2019-08-12', '9939.16'),
(80, 3, 10, '2019-12-31', '8879.12'),
(81, 7, 13, '2019-02-14', '8006.41'),
(82, 10, 17, '2019-02-14', '9757.38'),
(83, 8, 18, '2020-01-30', '8343.87'),
(84, 8, 4, '2019-11-19', '2714.47'),
(85, 9, 2, '2019-08-21', '2323.88'),
(86, 7, 2, '2019-08-15', '7208.51'),
(87, 9, 2, '2019-10-08', '6099.63'),
(88, 10, 20, '2019-12-28', '8349.93'),
(89, 9, 10, '2019-03-19', '967.87'),
(90, 7, 2, '2019-05-18', '6459.47'),
(91, 10, 4, '2019-11-30', '6104.11'),
(92, 10, 2, '2019-10-28', '478.03'),
(93, 6, 8, '2019-06-20', '403.74'),
(94, 2, 6, '2019-08-15', '1713.80'),
(95, 2, 18, '2019-08-12', '5296.72'),
(96, 10, 16, '2019-09-04', '8672.23'),
(97, 7, 5, '2019-03-10', '3291.88'),
(98, 7, 2, '2019-12-22', '4453.16'),
(99, 10, 12, '2019-10-28', '6999.82'),
(100, 10, 2, '2019-03-18', '4527.56'),
(101, 8, 9, '2020-02-07', '7579.40'),
(102, 10, 18, '2019-05-09', '320.72'),
(103, 2, 2, '2019-12-27', '7755.35'),
(104, 3, 19, '2020-02-04', '4128.98'),
(105, 3, 14, '2019-03-11', '4697.90'),
(106, 8, 4, '2019-07-01', '7985.81'),
(107, 6, 20, '2019-07-31', '2063.92'),
(108, 1, 3, '2019-11-20', '9055.96'),
(109, 9, 4, '2019-04-04', '994.31'),
(110, 1, 5, '2019-05-11', '9564.07'),
(111, 5, 1, '2019-11-01', '5898.90'),
(112, 1, 1, '2019-12-03', '5193.82'),
(113, 8, 17, '2019-08-04', '9267.98'),
(114, 1, 11, '2019-10-04', '8310.36'),
(115, 7, 9, '2019-07-19', '1587.07'),
(116, 3, 12, '2019-05-28', '345.42'),
(117, 4, 20, '2019-12-16', '1803.88'),
(118, 4, 13, '2019-09-26', '2477.47'),
(119, 3, 19, '2019-03-19', '5792.62'),
(120, 9, 20, '2019-06-04', '5473.46'),
(121, 5, 3, '2019-10-30', '644.41'),
(122, 7, 18, '2019-11-21', '7635.12'),
(123, 6, 13, '2019-06-11', '3939.94'),
(124, 4, 11, '2019-02-14', '8977.57'),
(125, 3, 10, '2019-06-05', '3825.30'),
(126, 5, 12, '2019-04-13', '6885.22'),
(127, 8, 14, '2019-12-28', '7693.85'),
(128, 7, 15, '2019-08-08', '3685.32'),
(129, 4, 14, '2019-05-18', '1223.84'),
(130, 1, 5, '2019-02-23', '9019.71'),
(131, 8, 16, '2019-03-08', '3322.41'),
(132, 7, 5, '2019-03-11', '4681.48'),
(133, 3, 6, '2019-05-03', '8284.74'),
(134, 4, 3, '2019-09-21', '3586.98'),
(135, 2, 14, '2019-10-30', '1893.05'),
(136, 7, 10, '2020-02-07', '2091.10'),
(137, 9, 4, '2019-08-11', '7466.63'),
(138, 3, 13, '2019-08-29', '4274.18'),
(139, 5, 4, '2019-10-18', '1442.83'),
(140, 7, 4, '2019-11-17', '8330.55'),
(141, 2, 12, '2019-10-27', '6441.50'),
(142, 10, 1, '2019-07-04', '2946.42'),
(143, 4, 2, '2019-03-14', '9738.58'),
(144, 8, 8, '2020-01-31', '4581.17'),
(145, 5, 4, '2019-06-19', '9015.71'),
(146, 5, 3, '2019-09-16', '3735.39'),
(147, 7, 16, '2019-11-05', '5094.73'),
(148, 3, 9, '2019-04-25', '4721.88'),
(149, 9, 15, '2019-02-12', '9339.08'),
(150, 3, 3, '2019-08-15', '6574.03'),
(151, 6, 20, '2019-03-23', '3076.92'),
(152, 5, 13, '2019-03-20', '7421.62'),
(153, 5, 19, '2019-12-05', '5258.28'),
(154, 6, 15, '2019-10-04', '8113.57'),
(155, 6, 15, '2020-02-07', '6806.60'),
(156, 9, 15, '2019-06-16', '5852.15'),
(157, 1, 1, '2019-03-27', '4056.66'),
(158, 7, 8, '2020-01-30', '4819.93'),
(159, 6, 6, '2019-12-10', '2190.04'),
(160, 2, 3, '2019-02-14', '3076.40'),
(161, 3, 9, '2019-03-21', '3476.13'),
(162, 4, 5, '2019-09-20', '2511.69'),
(163, 3, 11, '2019-12-30', '2188.51'),
(164, 7, 1, '2019-07-10', '9224.20'),
(165, 1, 11, '2019-09-25', '8477.45'),
(166, 7, 8, '2019-12-20', '9489.90'),
(167, 8, 19, '2019-07-14', '9369.10'),
(168, 4, 18, '2019-06-10', '329.11'),
(169, 8, 15, '2019-06-12', '7324.19'),
(170, 10, 3, '2019-06-28', '7633.99'),
(171, 4, 16, '2019-06-10', '9542.91'),
(172, 4, 15, '2019-10-20', '5590.05'),
(173, 8, 5, '2019-03-17', '3817.11'),
(174, 6, 17, '2019-03-31', '703.71'),
(175, 7, 15, '2020-01-02', '4015.71'),
(176, 8, 8, '2019-04-03', '8718.29'),
(177, 2, 7, '2019-04-29', '8948.56'),
(178, 1, 16, '2019-08-01', '5386.90'),
(179, 2, 15, '2019-07-31', '3490.45'),
(180, 6, 7, '2019-08-27', '2851.87'),
(181, 3, 3, '2019-06-28', '5182.73'),
(182, 6, 5, '2019-04-02', '6309.19'),
(183, 8, 14, '2019-02-20', '9465.31'),
(184, 1, 3, '2019-11-07', '2967.97'),
(185, 8, 12, '2019-08-22', '7177.36'),
(186, 8, 18, '2020-02-02', '1072.12'),
(187, 5, 18, '2019-04-10', '9411.80'),
(188, 10, 15, '2019-05-19', '923.35'),
(189, 7, 12, '2019-11-30', '947.32'),
(190, 10, 20, '2019-05-09', '6140.46'),
(191, 4, 7, '2019-03-02', '8790.30'),
(192, 8, 8, '2019-03-26', '3762.55'),
(193, 2, 13, '2019-10-28', '8464.85'),
(194, 4, 6, '2019-08-30', '3975.36'),
(195, 5, 7, '2020-01-20', '2764.33'),
(196, 1, 2, '2019-12-24', '9130.39'),
(197, 4, 8, '2019-08-07', '2171.79'),
(198, 2, 16, '2019-04-09', '4349.71'),
(199, 1, 6, '2019-03-21', '7053.31'),
(200, 6, 19, '2019-06-22', '5641.54'),
(201, 2, 16, '2020-01-17', '7570.36'),
(202, 2, 20, '2019-09-21', '2469.04'),
(203, 9, 8, '2020-01-04', '7069.35'),
(204, 2, 8, '2019-09-07', '3335.49'),
(205, 1, 12, '2019-08-19', '6082.79'),
(206, 4, 11, '2019-07-11', '6635.25'),
(207, 2, 17, '2019-05-12', '9434.85'),
(208, 2, 2, '2019-02-15', '1379.17'),
(209, 10, 13, '2020-01-15', '1685.00'),
(210, 7, 20, '2019-04-02', '4192.96'),
(211, 3, 13, '2019-03-27', '5266.11'),
(212, 3, 14, '2019-06-29', '9069.24'),
(213, 1, 1, '2019-10-14', '8994.31'),
(214, 3, 4, '2019-08-05', '6769.31'),
(215, 2, 2, '2019-07-10', '6442.80'),
(216, 1, 20, '2019-12-30', '9021.76'),
(217, 10, 15, '2019-03-23', '779.60'),
(218, 5, 6, '2019-04-03', '7151.09'),
(219, 8, 10, '2019-06-09', '6963.64'),
(220, 10, 3, '2019-03-24', '9681.67'),
(221, 4, 15, '2019-04-28', '7303.00'),
(222, 10, 13, '2019-08-27', '982.00'),
(223, 2, 9, '2019-05-04', '3210.57'),
(224, 8, 11, '2019-04-21', '8264.74'),
(225, 5, 14, '2019-08-28', '7224.99'),
(226, 7, 14, '2019-03-12', '883.38'),
(227, 4, 2, '2019-09-20', '7461.92'),
(228, 9, 11, '2019-12-12', '6649.93'),
(229, 10, 17, '2019-09-11', '2908.52'),
(230, 8, 6, '2019-07-06', '673.04'),
(231, 8, 1, '2019-09-10', '6924.79'),
(232, 4, 19, '2019-06-28', '9029.08'),
(233, 3, 20, '2019-11-27', '8626.53'),
(234, 10, 6, '2019-03-19', '196.79'),
(235, 7, 8, '2019-09-11', '7986.61'),
(236, 4, 13, '2019-02-12', '7549.07'),
(237, 9, 17, '2019-03-28', '6315.37'),
(238, 10, 12, '2019-06-06', '3005.62'),
(239, 3, 7, '2019-08-18', '4878.31'),
(240, 1, 5, '2019-08-29', '729.37'),
(241, 7, 4, '2019-05-19', '9517.69'),
(242, 2, 16, '2019-06-25', '8180.36'),
(243, 1, 19, '2019-11-09', '6669.91'),
(244, 7, 11, '2019-04-08', '2868.66'),
(245, 9, 10, '2019-11-12', '8735.57'),
(246, 3, 5, '2019-04-08', '8002.07'),
(247, 5, 10, '2020-01-15', '4991.38'),
(248, 10, 11, '2019-11-22', '9858.76'),
(249, 2, 8, '2019-04-03', '3645.55'),
(250, 6, 2, '2019-02-14', '366.24'),
(251, 9, 17, '2020-01-28', '1848.81'),
(252, 9, 3, '2019-05-20', '8631.54'),
(253, 6, 18, '2019-12-23', '552.40'),
(254, 6, 16, '2019-08-29', '4207.87'),
(255, 1, 20, '2019-05-31', '4015.77'),
(256, 7, 6, '2019-10-09', '5767.26'),
(257, 3, 11, '2019-10-13', '4045.45'),
(258, 8, 2, '2019-06-04', '2491.29'),
(259, 3, 6, '2020-02-03', '3432.23'),
(260, 9, 3, '2019-12-20', '2197.35'),
(261, 3, 9, '2019-02-26', '1915.95'),
(262, 8, 14, '2019-12-10', '8179.96'),
(263, 8, 18, '2019-05-02', '7845.18'),
(264, 4, 15, '2019-08-06', '6769.28'),
(265, 2, 3, '2019-10-04', '7141.68'),
(266, 10, 13, '2019-03-18', '1879.93'),
(267, 5, 7, '2019-06-07', '4668.48'),
(268, 1, 15, '2019-10-16', '8634.44'),
(269, 1, 3, '2019-05-02', '6330.98'),
(270, 9, 2, '2019-04-03', '9266.66'),
(271, 9, 4, '2019-05-14', '7368.78'),
(272, 3, 12, '2020-01-23', '3576.79'),
(273, 3, 9, '2019-05-31', '7.50'),
(274, 3, 12, '2019-04-01', '6921.88'),
(275, 2, 8, '2019-09-09', '10.57'),
(276, 8, 18, '2019-12-12', '6982.86'),
(277, 5, 3, '2019-05-14', '4623.94'),
(278, 8, 15, '2019-12-31', '9700.37'),
(279, 4, 7, '2019-11-10', '9527.31'),
(280, 2, 12, '2019-09-07', '9523.09'),
(281, 1, 15, '2019-10-02', '1195.69'),
(282, 3, 16, '2019-08-01', '7562.79'),
(283, 4, 14, '2019-05-20', '1290.94'),
(284, 7, 5, '2019-10-18', '3747.91'),
(285, 3, 14, '2019-12-24', '9445.17'),
(286, 2, 3, '2019-10-27', '3157.55'),
(287, 3, 4, '2020-01-25', '8278.79'),
(288, 2, 19, '2019-04-07', '6344.27'),
(289, 6, 16, '2019-12-17', '3369.92'),
(290, 9, 10, '2019-06-24', '6935.21'),
(291, 1, 17, '2019-06-15', '250.42'),
(292, 5, 5, '2019-11-12', '5724.30'),
(293, 10, 4, '2019-06-30', '11.98'),
(294, 8, 20, '2019-09-18', '8122.32'),
(295, 3, 20, '2019-03-11', '2812.67'),
(296, 9, 13, '2019-08-21', '1129.70'),
(297, 6, 1, '2019-03-16', '9671.67'),
(298, 6, 18, '2019-09-06', '7721.39'),
(299, 1, 11, '2019-08-24', '4170.68'),
(300, 7, 19, '2019-03-20', '2624.70'),
(301, 8, 2, '2020-01-12', '5713.33'),
(302, 9, 13, '2019-08-14', '2332.40'),
(303, 8, 3, '2019-08-29', '8888.50'),
(304, 7, 15, '2019-06-08', '3638.27'),
(305, 8, 6, '2019-06-24', '8012.21'),
(306, 1, 3, '2019-05-15', '1368.74'),
(307, 7, 17, '2019-10-31', '5840.78'),
(308, 3, 2, '2019-05-09', '741.58'),
(309, 3, 4, '2020-01-13', '3146.41'),
(310, 8, 11, '2019-03-25', '123.97'),
(311, 9, 11, '2019-06-01', '2445.15'),
(312, 4, 9, '2019-04-29', '9717.98'),
(313, 4, 6, '2019-09-21', '705.81'),
(314, 6, 20, '2019-04-20', '5083.36'),
(315, 1, 2, '2019-11-11', '8249.95'),
(316, 1, 14, '2019-11-20', '3100.38'),
(317, 3, 3, '2019-08-09', '3901.66'),
(318, 3, 8, '2019-04-26', '7783.75'),
(319, 9, 15, '2019-09-19', '1697.91'),
(320, 10, 3, '2020-01-23', '4268.69'),
(321, 5, 13, '2019-11-15', '7830.92'),
(322, 4, 16, '2019-03-01', '143.31'),
(323, 9, 16, '2019-06-19', '1190.95'),
(324, 5, 17, '2019-11-23', '5723.49'),
(325, 5, 15, '2019-05-03', '9344.86'),
(326, 10, 16, '2019-12-03', '7473.95'),
(327, 3, 18, '2019-03-21', '5738.00'),
(328, 10, 2, '2019-06-09', '9626.18'),
(329, 1, 7, '2019-07-24', '4355.95'),
(330, 9, 13, '2019-02-11', '2410.92'),
(331, 5, 11, '2020-01-22', '8122.40'),
(332, 10, 2, '2019-05-23', '2856.94'),
(333, 5, 1, '2019-09-24', '125.73'),
(334, 4, 13, '2019-03-24', '2677.83'),
(335, 3, 7, '2019-05-15', '2592.67'),
(336, 5, 8, '2020-01-05', '4873.79'),
(337, 8, 18, '2019-05-30', '7987.38'),
(338, 1, 1, '2019-11-27', '6843.63'),
(339, 3, 17, '2019-10-06', '9522.23'),
(340, 8, 15, '2019-10-25', '1822.50'),
(341, 9, 7, '2019-05-01', '4999.45'),
(342, 6, 14, '2019-06-25', '827.11'),
(343, 2, 12, '2020-01-24', '7105.91'),
(344, 5, 11, '2019-08-07', '5588.10'),
(345, 2, 4, '2019-11-22', '8326.90'),
(346, 3, 6, '2019-12-11', '9188.24'),
(347, 6, 16, '2019-12-13', '6308.31'),
(348, 8, 2, '2019-07-17', '3183.33'),
(349, 7, 4, '2019-06-02', '3517.92'),
(350, 6, 19, '2019-04-03', '9210.87'),
(351, 6, 3, '2019-10-23', '1388.79'),
(352, 6, 12, '2019-06-20', '4285.53'),
(353, 4, 18, '2019-06-12', '2470.92'),
(354, 9, 8, '2019-02-14', '4064.23'),
(355, 10, 1, '2019-11-26', '2170.31'),
(356, 10, 15, '2019-07-05', '6833.94'),
(357, 7, 6, '2019-11-05', '1157.58'),
(358, 1, 7, '2020-01-04', '5264.68'),
(359, 4, 9, '2019-03-22', '446.90'),
(360, 3, 14, '2019-04-05', '1909.11'),
(361, 5, 6, '2020-01-26', '7210.62'),
(362, 2, 10, '2019-08-09', '8498.45'),
(363, 4, 6, '2019-05-11', '9990.82'),
(364, 5, 16, '2019-12-18', '1056.97'),
(365, 1, 4, '2019-06-18', '5660.78'),
(366, 9, 4, '2019-12-16', '6412.58'),
(367, 8, 18, '2019-11-06', '7809.52'),
(368, 4, 10, '2019-02-19', '8821.64'),
(369, 4, 13, '2019-09-08', '9601.46'),
(370, 10, 17, '2019-03-05', '4188.50'),
(371, 5, 9, '2019-06-24', '5241.68'),
(372, 1, 8, '2019-07-29', '9938.04'),
(373, 5, 16, '2019-12-10', '8664.48'),
(374, 7, 18, '2019-08-13', '5304.93'),
(375, 5, 14, '2019-05-26', '7412.49'),
(376, 4, 2, '2019-03-24', '3681.69'),
(377, 9, 15, '2020-01-29', '7516.79'),
(378, 5, 11, '2019-07-31', '2994.02'),
(379, 7, 2, '2019-04-05', '1877.07'),
(380, 1, 2, '2020-01-07', '105.34'),
(381, 10, 2, '2019-05-21', '4248.02'),
(382, 1, 4, '2019-09-18', '598.10'),
(383, 7, 5, '2019-03-01', '1960.76'),
(384, 4, 20, '2019-05-11', '5576.53'),
(385, 2, 18, '2019-03-02', '2225.65'),
(386, 4, 3, '2019-06-20', '5219.04'),
(387, 9, 3, '2019-04-08', '3493.49'),
(388, 2, 4, '2019-03-30', '3683.27'),
(389, 8, 9, '2019-07-29', '7230.44'),
(390, 9, 9, '2020-02-05', '9951.46'),
(391, 7, 13, '2019-03-30', '4121.69'),
(392, 1, 20, '2019-02-27', '655.89'),
(393, 8, 4, '2019-09-29', '412.71'),
(394, 1, 16, '2019-06-28', '987.67'),
(395, 8, 17, '2020-02-03', '4886.06'),
(396, 9, 19, '2019-12-30', '4414.74'),
(397, 10, 5, '2019-12-19', '8830.03'),
(398, 8, 2, '2019-04-24', '4949.89'),
(399, 7, 17, '2019-09-20', '8976.02'),
(400, 1, 17, '2019-10-27', '8890.47'),
(401, 4, 11, '2019-03-09', '5070.51'),
(402, 1, 10, '2019-12-02', '136.36'),
(403, 2, 9, '2020-02-07', '8835.55'),
(404, 4, 4, '2019-09-19', '9991.23'),
(405, 5, 13, '2020-02-06', '8695.52'),
(406, 9, 10, '2019-05-10', '3672.53'),
(407, 10, 7, '2019-07-13', '4184.49'),
(408, 7, 18, '2019-11-09', '2625.99'),
(409, 9, 8, '2020-01-24', '4350.02'),
(410, 8, 13, '2019-03-03', '522.85'),
(411, 3, 20, '2019-06-03', '3451.86'),
(412, 5, 1, '2019-03-13', '3762.70'),
(413, 7, 1, '2019-12-01', '2564.50'),
(414, 6, 7, '2019-10-25', '2034.73'),
(415, 7, 11, '2020-01-06', '904.91'),
(416, 8, 16, '2019-03-13', '7761.72'),
(417, 8, 6, '2019-03-30', '698.78'),
(418, 5, 18, '2020-01-22', '9870.43'),
(419, 4, 10, '2019-06-29', '9883.70'),
(420, 6, 4, '2019-11-23', '4464.32'),
(421, 7, 1, '2019-06-26', '3936.88'),
(422, 1, 14, '2019-09-17', '4762.11'),
(423, 10, 19, '2019-12-26', '3070.50'),
(424, 10, 1, '2019-08-16', '5425.23'),
(425, 4, 2, '2019-03-14', '5286.78'),
(426, 5, 6, '2019-12-01', '8159.77'),
(427, 6, 13, '2019-10-22', '5694.76'),
(428, 1, 12, '2019-10-04', '4930.42'),
(429, 10, 11, '2019-05-25', '5173.01'),
(430, 9, 19, '2020-01-24', '9380.75'),
(431, 7, 19, '2019-03-04', '7644.21'),
(432, 5, 4, '2019-12-16', '9178.62'),
(433, 9, 9, '2019-09-30', '822.72'),
(434, 6, 20, '2019-12-27', '1300.39'),
(435, 10, 20, '2020-01-29', '398.65'),
(436, 10, 11, '2019-07-17', '7242.70'),
(437, 7, 12, '2019-08-12', '3270.35'),
(438, 6, 14, '2019-09-03', '8874.89'),
(439, 10, 15, '2019-08-12', '1041.59'),
(440, 8, 15, '2019-06-15', '9623.53'),
(441, 1, 9, '2019-08-11', '7064.73'),
(442, 3, 10, '2019-09-03', '8928.83'),
(443, 4, 15, '2019-07-19', '3734.76'),
(444, 3, 5, '2019-08-15', '5984.86'),
(445, 8, 16, '2019-10-13', '5429.24'),
(446, 8, 20, '2019-12-17', '7631.96'),
(447, 9, 15, '2019-12-17', '4844.87'),
(448, 1, 10, '2019-10-24', '1440.11'),
(449, 10, 5, '2019-11-15', '3603.60'),
(450, 5, 15, '2019-04-09', '6616.89'),
(451, 9, 20, '2019-05-20', '4504.69'),
(452, 10, 6, '2019-03-09', '5421.98'),
(453, 8, 15, '2019-04-02', '6815.15'),
(454, 7, 1, '2019-11-17', '1062.97'),
(455, 8, 14, '2019-02-22', '1933.14'),
(456, 10, 13, '2019-09-18', '723.07'),
(457, 7, 10, '2019-09-20', '5082.42'),
(458, 5, 3, '2019-06-10', '2834.11'),
(459, 1, 17, '2019-10-13', '8609.86'),
(460, 3, 9, '2020-02-08', '2005.17'),
(461, 9, 12, '2020-01-10', '7668.79'),
(462, 8, 14, '2019-04-22', '677.52'),
(463, 2, 18, '2019-06-07', '7419.24'),
(464, 2, 6, '2019-06-18', '6664.31'),
(465, 5, 6, '2019-08-27', '1299.81'),
(466, 9, 16, '2020-01-17', '7561.92'),
(467, 6, 13, '2019-10-19', '7758.54'),
(468, 3, 13, '2019-09-06', '1652.28'),
(469, 6, 19, '2020-01-06', '8922.84'),
(470, 6, 11, '2020-01-26', '5874.65'),
(471, 3, 18, '2019-07-21', '1933.55'),
(472, 10, 7, '2019-11-13', '3292.64'),
(473, 2, 13, '2019-07-26', '4075.11'),
(474, 1, 2, '2019-09-29', '5273.48'),
(475, 4, 7, '2019-08-11', '8796.09'),
(476, 8, 13, '2019-05-18', '3574.62'),
(477, 5, 3, '2019-10-01', '4025.87'),
(478, 3, 2, '2019-07-05', '2279.69'),
(479, 4, 15, '2019-03-29', '7484.89'),
(480, 3, 9, '2019-08-17', '1849.42'),
(481, 6, 3, '2020-01-14', '365.05'),
(482, 8, 11, '2019-08-29', '4745.95'),
(483, 1, 2, '2019-10-28', '4342.06'),
(484, 1, 10, '2019-03-31', '7949.13'),
(485, 5, 16, '2019-07-04', '7958.61'),
(486, 9, 17, '2019-11-12', '8158.05'),
(487, 7, 16, '2019-10-25', '2952.27'),
(488, 10, 6, '2019-07-26', '6685.55'),
(489, 7, 13, '2019-05-06', '193.83'),
(490, 9, 7, '2019-05-02', '700.30'),
(491, 3, 8, '2019-10-27', '2587.95'),
(492, 6, 15, '2019-05-27', '5834.13'),
(493, 10, 7, '2020-01-27', '1881.16'),
(494, 3, 5, '2019-06-07', '7498.65'),
(495, 8, 12, '2019-03-14', '1877.66'),
(496, 10, 13, '2019-06-21', '4137.12'),
(497, 5, 17, '2020-01-22', '6593.82'),
(498, 2, 11, '2019-12-22', '593.52'),
(499, 1, 11, '2019-06-18', '53.12'),
(500, 1, 13, '2019-02-18', '3604.84'),
(501, 6, 1, '2019-07-20', '831.97'),
(502, 8, 10, '2019-03-23', '9996.38'),
(503, 1, 4, '2019-07-29', '961.72'),
(504, 3, 18, '2019-03-10', '680.45'),
(505, 9, 14, '2019-08-03', '9826.64'),
(506, 3, 18, '2019-10-22', '8964.87'),
(507, 5, 16, '2019-12-20', '7217.67'),
(508, 3, 9, '2019-02-19', '6687.01'),
(509, 9, 5, '2019-09-12', '1915.08'),
(510, 10, 7, '2019-07-25', '282.20'),
(511, 8, 1, '2019-11-10', '3326.18'),
(512, 7, 11, '2020-01-01', '5143.71'),
(513, 5, 7, '2019-02-10', '7787.65'),
(514, 6, 8, '2019-05-30', '3094.79'),
(515, 9, 17, '2019-06-14', '9037.42'),
(516, 1, 16, '2019-06-03', '5289.11'),
(517, 6, 8, '2019-02-26', '8203.96'),
(518, 5, 9, '2019-04-07', '7361.00'),
(519, 5, 19, '2020-01-06', '5397.19'),
(520, 1, 17, '2019-06-18', '9961.35'),
(521, 2, 20, '2020-01-14', '5892.17'),
(522, 4, 9, '2019-10-15', '6835.14'),
(523, 6, 8, '2019-07-10', '2883.81'),
(524, 10, 3, '2019-09-29', '388.12'),
(525, 7, 2, '2019-02-23', '7490.56'),
(526, 7, 8, '2019-08-29', '1580.86'),
(527, 9, 12, '2019-03-31', '8813.02'),
(528, 4, 2, '2020-01-30', '5091.60'),
(529, 1, 5, '2019-10-02', '1995.54'),
(530, 7, 5, '2019-03-21', '2621.65'),
(531, 5, 14, '2019-07-30', '4679.62'),
(532, 4, 18, '2019-04-23', '9497.52'),
(533, 10, 2, '2019-08-16', '6593.97'),
(534, 9, 12, '2019-09-03', '9.79'),
(535, 5, 15, '2019-06-17', '9112.47'),
(536, 7, 13, '2019-12-07', '937.76'),
(537, 6, 19, '2019-09-10', '275.23'),
(538, 6, 1, '2019-11-08', '3597.89'),
(539, 5, 1, '2019-08-14', '5160.50'),
(540, 6, 10, '2019-10-09', '2279.12'),
(541, 8, 6, '2019-06-21', '6732.19'),
(542, 10, 2, '2019-05-12', '1796.10'),
(543, 2, 20, '2019-09-05', '190.12'),
(544, 5, 6, '2019-10-24', '6983.02'),
(545, 5, 9, '2019-03-19', '7900.43'),
(546, 7, 2, '2019-02-21', '2045.74'),
(547, 1, 3, '2019-10-08', '2763.57'),
(548, 4, 15, '2019-12-22', '5452.42'),
(549, 6, 14, '2019-05-17', '1745.50'),
(550, 7, 6, '2019-02-13', '4412.16'),
(551, 1, 18, '2019-12-22', '6480.09'),
(552, 3, 6, '2019-06-21', '3239.33'),
(553, 8, 1, '2019-03-25', '322.22'),
(554, 4, 10, '2019-04-17', '4295.60'),
(555, 8, 18, '2019-02-11', '4611.83'),
(556, 8, 17, '2019-06-17', '7213.73'),
(557, 1, 1, '2019-03-19', '1927.15'),
(558, 8, 19, '2019-03-20', '2942.15'),
(559, 8, 13, '2019-05-11', '3562.93'),
(560, 10, 17, '2019-11-06', '538.74'),
(561, 6, 19, '2020-01-21', '6222.48'),
(562, 3, 8, '2019-03-31', '2808.21'),
(563, 10, 7, '2019-11-25', '4362.32'),
(564, 10, 18, '2020-02-06', '5707.70'),
(565, 6, 8, '2019-03-01', '5033.70'),
(566, 1, 3, '2020-01-09', '6070.61'),
(567, 3, 2, '2019-05-17', '2896.95'),
(568, 5, 14, '2020-01-29', '8806.72'),
(569, 9, 19, '2019-06-10', '4308.54'),
(570, 7, 4, '2019-04-24', '4033.27'),
(571, 7, 11, '2019-09-04', '8505.41'),
(572, 9, 3, '2019-11-19', '7337.21'),
(573, 10, 7, '2019-06-25', '402.91'),
(574, 5, 8, '2019-03-07', '3859.87'),
(575, 3, 5, '2019-12-27', '3165.02'),
(576, 4, 17, '2019-10-18', '2946.05'),
(577, 6, 9, '2019-06-01', '9305.88'),
(578, 1, 13, '2019-12-02', '3919.65'),
(579, 2, 19, '2019-11-04', '4617.50'),
(580, 8, 4, '2019-10-29', '753.38'),
(581, 9, 13, '2019-09-17', '8876.99'),
(582, 4, 2, '2019-02-15', '9215.43'),
(583, 10, 13, '2020-01-04', '4418.96'),
(584, 2, 8, '2019-09-29', '2600.47'),
(585, 2, 12, '2019-09-26', '1610.01'),
(586, 1, 18, '2019-04-11', '9699.27'),
(587, 3, 6, '2019-07-13', '1187.76'),
(588, 9, 13, '2019-03-13', '7016.88'),
(589, 6, 8, '2019-04-07', '7796.08'),
(590, 2, 17, '2019-06-10', '7800.72'),
(591, 9, 7, '2019-03-11', '1308.17'),
(592, 6, 3, '2019-11-08', '230.91'),
(593, 10, 18, '2019-10-03', '5557.96'),
(594, 9, 6, '2019-08-30', '1171.57'),
(595, 8, 2, '2019-11-26', '5258.98'),
(596, 1, 5, '2019-05-06', '4709.36'),
(597, 5, 16, '2019-10-24', '9270.27'),
(598, 8, 19, '2019-03-24', '7998.50'),
(599, 3, 15, '2019-10-31', '1047.05'),
(600, 5, 4, '2019-11-17', '1045.65'),
(601, 10, 10, '2019-11-29', '9264.60'),
(602, 6, 8, '2019-06-05', '1823.50'),
(603, 2, 20, '2019-05-27', '5340.63'),
(604, 9, 12, '2019-07-15', '2580.37'),
(605, 9, 8, '2019-02-20', '4241.66'),
(606, 1, 13, '2019-08-16', '507.62'),
(607, 1, 20, '2019-09-17', '1010.29'),
(608, 7, 20, '2019-06-03', '4809.50'),
(609, 8, 20, '2019-04-06', '969.18'),
(610, 9, 11, '2019-05-08', '1865.58'),
(611, 9, 20, '2019-11-26', '7958.70'),
(612, 7, 1, '2019-10-08', '6095.99'),
(613, 3, 2, '2019-08-04', '5296.05'),
(614, 10, 17, '2019-09-28', '9761.32'),
(615, 7, 15, '2019-06-11', '4835.92'),
(616, 5, 10, '2019-06-02', '6403.19'),
(617, 1, 1, '2019-11-02', '8163.01'),
(618, 5, 11, '2019-05-07', '1064.33'),
(619, 8, 13, '2019-10-06', '9949.57'),
(620, 9, 12, '2019-09-15', '8193.33'),
(621, 5, 11, '2019-12-20', '5287.81'),
(622, 8, 8, '2019-02-27', '4461.15'),
(623, 6, 9, '2019-05-05', '7780.38'),
(624, 2, 9, '2019-05-02', '1845.82'),
(625, 3, 3, '2019-03-21', '9348.17'),
(626, 10, 11, '2019-06-22', '6079.15'),
(627, 10, 11, '2019-07-13', '4904.82'),
(628, 2, 7, '2019-09-08', '9776.00'),
(629, 3, 1, '2020-01-12', '5920.75'),
(630, 1, 7, '2020-01-31', '5069.16'),
(631, 6, 12, '2019-07-03', '1900.54'),
(632, 1, 13, '2019-05-11', '4126.71'),
(633, 5, 1, '2020-02-05', '6295.99'),
(634, 4, 3, '2019-10-29', '4869.67'),
(635, 8, 16, '2019-06-05', '8597.61'),
(636, 5, 5, '2019-12-26', '2103.35'),
(637, 7, 12, '2019-05-30', '8605.69'),
(638, 9, 10, '2019-12-06', '4870.98'),
(639, 1, 12, '2019-05-24', '7472.47'),
(640, 10, 18, '2019-10-05', '6349.82'),
(641, 9, 16, '2019-04-26', '5664.79'),
(642, 9, 1, '2019-02-17', '3829.90'),
(643, 7, 1, '2019-08-30', '5233.29'),
(644, 5, 1, '2019-12-23', '8777.60'),
(645, 8, 13, '2019-12-03', '7724.37'),
(646, 3, 12, '2019-08-09', '2024.34'),
(647, 5, 9, '2019-09-12', '8826.48'),
(648, 6, 6, '2019-03-02', '6630.20'),
(649, 5, 10, '2020-01-28', '8264.79'),
(650, 3, 11, '2019-07-31', '648.80'),
(651, 3, 13, '2019-10-10', '6751.93'),
(652, 1, 20, '2019-06-13', '6167.48'),
(653, 5, 13, '2020-02-08', '9506.47'),
(654, 6, 19, '2019-02-11', '4084.78'),
(655, 4, 6, '2019-12-09', '2651.67'),
(656, 2, 8, '2019-12-16', '3184.43'),
(657, 8, 17, '2019-08-08', '6341.08'),
(658, 3, 1, '2019-03-10', '2958.93'),
(659, 10, 11, '2019-07-15', '8569.67'),
(660, 6, 9, '2019-04-05', '274.61'),
(661, 8, 15, '2019-06-12', '9238.02'),
(662, 6, 6, '2019-09-28', '5747.62'),
(663, 8, 7, '2020-02-02', '1231.38'),
(664, 10, 9, '2019-09-27', '593.36'),
(665, 4, 16, '2019-10-14', '306.77'),
(666, 9, 16, '2019-11-12', '3249.90'),
(667, 4, 4, '2020-01-02', '8568.19'),
(668, 8, 15, '2019-12-25', '4105.44'),
(669, 7, 5, '2019-10-03', '8445.16'),
(670, 10, 6, '2019-04-21', '8949.15'),
(671, 5, 8, '2019-12-30', '1974.27'),
(672, 7, 3, '2020-01-03', '2497.31'),
(673, 7, 19, '2019-06-11', '8446.05'),
(674, 4, 1, '2019-09-28', '7756.29'),
(675, 1, 19, '2019-07-07', '785.94'),
(676, 5, 17, '2019-06-29', '319.05'),
(677, 7, 4, '2019-12-05', '3240.43'),
(678, 1, 7, '2019-07-04', '4193.44'),
(679, 5, 6, '2019-06-01', '6902.71'),
(680, 3, 8, '2019-03-12', '3156.44'),
(681, 8, 15, '2019-05-13', '4903.33'),
(682, 7, 12, '2019-05-15', '858.26'),
(683, 3, 3, '2020-02-07', '4293.10'),
(684, 7, 8, '2019-11-02', '7428.58'),
(685, 5, 2, '2019-06-07', '6874.86'),
(686, 9, 7, '2019-12-16', '6572.41'),
(687, 7, 20, '2019-08-15', '5741.15'),
(688, 5, 15, '2019-08-20', '6547.24'),
(689, 7, 17, '2019-12-19', '9173.67'),
(690, 10, 1, '2019-07-20', '3544.55'),
(691, 2, 10, '2019-03-05', '9868.68'),
(692, 6, 17, '2019-12-04', '1339.90'),
(693, 3, 17, '2019-09-11', '9159.23'),
(694, 1, 19, '2019-09-01', '3362.96'),
(695, 5, 8, '2019-04-11', '5083.54'),
(696, 3, 17, '2020-01-29', '8216.17'),
(697, 10, 8, '2020-01-17', '7082.45'),
(698, 4, 9, '2019-10-31', '2993.14'),
(699, 3, 9, '2019-09-12', '4512.70'),
(700, 3, 7, '2019-02-14', '4782.20'),
(701, 4, 15, '2020-01-05', '8802.28'),
(702, 9, 7, '2019-05-19', '5811.94'),
(703, 4, 19, '2019-08-24', '1153.43'),
(704, 2, 2, '2019-11-28', '4111.92'),
(705, 4, 10, '2019-03-05', '6077.97'),
(706, 1, 5, '2019-06-28', '4603.22'),
(707, 5, 3, '2020-02-04', '9361.37'),
(708, 2, 6, '2019-08-11', '1156.83'),
(709, 9, 8, '2019-05-20', '9972.48'),
(710, 2, 4, '2019-10-18', '9027.03'),
(711, 10, 20, '2020-01-17', '6202.03'),
(712, 7, 2, '2019-12-16', '3575.81'),
(713, 3, 4, '2019-11-07', '5439.01'),
(714, 1, 8, '2019-07-19', '5170.81'),
(715, 6, 8, '2019-11-18', '4459.62'),
(716, 6, 18, '2019-03-18', '5431.32'),
(717, 4, 16, '2019-07-18', '9397.61'),
(718, 8, 11, '2019-12-10', '5207.83'),
(719, 6, 9, '2020-01-06', '5614.03'),
(720, 10, 12, '2019-09-28', '8084.61'),
(721, 9, 10, '2019-09-18', '8422.93'),
(722, 8, 10, '2019-03-05', '8922.43'),
(723, 4, 7, '2019-03-14', '1744.75'),
(724, 3, 3, '2019-02-23', '521.64'),
(725, 9, 10, '2019-03-17', '4997.35'),
(726, 1, 12, '2019-03-18', '4850.22'),
(727, 3, 15, '2019-12-19', '5107.88'),
(728, 2, 16, '2019-05-19', '6276.85'),
(729, 1, 2, '2019-07-30', '8825.30'),
(730, 4, 18, '2019-06-20', '933.14'),
(731, 4, 16, '2019-06-30', '109.93'),
(732, 2, 6, '2019-10-01', '2768.32'),
(733, 2, 17, '2019-09-09', '8591.00'),
(734, 7, 5, '2019-09-23', '2269.82'),
(735, 10, 8, '2019-12-09', '6211.14'),
(736, 2, 15, '2020-01-27', '8850.61'),
(737, 8, 6, '2019-12-25', '2243.31'),
(738, 7, 18, '2019-12-11', '8602.44'),
(739, 1, 13, '2019-11-18', '9824.05'),
(740, 7, 11, '2019-07-06', '5546.78'),
(741, 6, 13, '2019-08-21', '1361.44'),
(742, 4, 3, '2019-03-31', '7080.07'),
(743, 5, 4, '2019-06-04', '4019.08'),
(744, 4, 1, '2019-05-26', '7061.92'),
(745, 9, 5, '2019-09-08', '2143.92'),
(746, 5, 2, '2019-09-12', '5737.52'),
(747, 5, 16, '2019-09-06', '4179.12'),
(748, 10, 12, '2019-02-12', '8495.85'),
(749, 3, 15, '2019-10-31', '8313.77'),
(750, 6, 19, '2019-03-25', '6322.00'),
(751, 7, 1, '2019-06-16', '5903.78'),
(752, 8, 16, '2019-02-16', '2839.50'),
(753, 2, 10, '2020-01-01', '4872.45'),
(754, 7, 12, '2019-10-14', '2907.29'),
(755, 6, 12, '2019-11-08', '9278.71'),
(756, 4, 11, '2019-07-17', '1815.41'),
(757, 3, 18, '2020-01-04', '4540.77'),
(758, 9, 15, '2019-03-10', '6264.30'),
(759, 9, 8, '2019-08-15', '2973.95'),
(760, 6, 14, '2019-06-13', '6419.48'),
(761, 6, 6, '2019-10-11', '3745.91'),
(762, 9, 5, '2019-08-08', '3967.47'),
(763, 9, 5, '2019-11-24', '4867.62'),
(764, 1, 3, '2019-09-28', '4175.35'),
(765, 10, 1, '2019-11-17', '6967.71'),
(766, 9, 5, '2019-05-07', '2988.71'),
(767, 2, 16, '2019-06-17', '5604.63'),
(768, 6, 10, '2019-10-29', '7327.72'),
(769, 8, 11, '2019-11-15', '8337.57'),
(770, 7, 8, '2019-10-18', '958.93'),
(771, 2, 6, '2019-07-02', '1291.86'),
(772, 4, 17, '2019-11-11', '6195.73'),
(773, 7, 19, '2019-08-14', '3490.80'),
(774, 3, 7, '2019-04-08', '5047.74'),
(775, 2, 10, '2019-08-21', '1974.49'),
(776, 10, 16, '2020-01-17', '7268.78'),
(777, 7, 6, '2019-09-25', '570.30'),
(778, 4, 6, '2019-05-24', '3641.24'),
(779, 3, 12, '2019-05-10', '8313.88'),
(780, 1, 8, '2019-06-05', '547.27'),
(781, 5, 2, '2019-06-09', '9526.79'),
(782, 1, 3, '2019-09-28', '169.38'),
(783, 8, 15, '2019-09-20', '123.58'),
(784, 8, 11, '2019-05-19', '1441.83'),
(785, 7, 12, '2020-01-20', '8372.27'),
(786, 8, 8, '2019-03-15', '2631.45'),
(787, 2, 20, '2019-12-17', '2574.20'),
(788, 9, 12, '2019-07-20', '1002.14'),
(789, 4, 10, '2019-02-21', '1949.72'),
(790, 1, 3, '2019-06-29', '4898.69'),
(791, 2, 5, '2019-05-03', '7815.57'),
(792, 10, 6, '2019-05-20', '7717.37'),
(793, 7, 18, '2019-06-21', '6865.35'),
(794, 6, 10, '2020-01-20', '8717.72'),
(795, 2, 15, '2019-03-03', '7849.70'),
(796, 8, 15, '2019-07-08', '15.40'),
(797, 2, 20, '2019-10-13', '3318.37'),
(798, 10, 10, '2019-03-28', '2170.88'),
(799, 6, 12, '2019-12-25', '9443.87'),
(800, 4, 6, '2019-05-26', '3746.46'),
(801, 10, 3, '2019-03-17', '2941.98'),
(802, 3, 9, '2019-12-08', '8190.90'),
(803, 3, 19, '2019-10-14', '2890.26'),
(804, 5, 17, '2019-11-29', '2981.77'),
(805, 2, 19, '2019-10-03', '8515.35'),
(806, 7, 17, '2019-04-09', '9752.36'),
(807, 5, 4, '2019-07-31', '2307.53'),
(808, 2, 3, '2020-01-12', '8162.38'),
(809, 10, 3, '2019-06-01', '6190.01'),
(810, 6, 15, '2019-02-28', '3921.35'),
(811, 10, 12, '2019-09-21', '9581.20'),
(812, 3, 12, '2019-07-25', '3668.37'),
(813, 6, 20, '2019-10-19', '5048.93'),
(814, 9, 14, '2019-04-02', '7095.98'),
(815, 10, 9, '2019-07-19', '9656.59'),
(816, 5, 10, '2019-12-03', '8776.72'),
(817, 8, 3, '2019-03-15', '178.00'),
(818, 1, 9, '2019-07-05', '7967.48'),
(819, 4, 14, '2020-01-20', '3378.32'),
(820, 10, 18, '2019-02-16', '6111.42'),
(821, 4, 10, '2019-07-04', '980.57'),
(822, 1, 14, '2019-08-30', '2668.15'),
(823, 4, 5, '2019-02-21', '7010.05'),
(824, 4, 18, '2019-11-07', '3022.28'),
(825, 10, 18, '2019-08-22', '458.62'),
(826, 3, 14, '2019-07-01', '6771.55'),
(827, 1, 20, '2019-08-14', '1026.74'),
(828, 4, 4, '2019-11-26', '100.87'),
(829, 5, 7, '2019-03-12', '1825.85'),
(830, 7, 2, '2019-05-07', '7976.96'),
(831, 2, 16, '2019-07-20', '4547.42'),
(832, 2, 4, '2020-01-17', '8690.47'),
(833, 8, 6, '2019-12-23', '4484.63'),
(834, 8, 3, '2019-12-06', '7530.45'),
(835, 10, 19, '2019-06-07', '335.85'),
(836, 8, 20, '2020-01-26', '1702.56'),
(837, 1, 11, '2019-11-10', '7836.98'),
(838, 4, 11, '2019-11-22', '1793.80'),
(839, 4, 12, '2019-09-11', '3396.10'),
(840, 7, 10, '2019-04-24', '1488.68'),
(841, 4, 18, '2019-10-22', '1461.74'),
(842, 3, 4, '2019-08-28', '4805.49'),
(843, 3, 3, '2019-04-28', '6394.30'),
(844, 8, 5, '2019-10-29', '481.46'),
(845, 3, 10, '2019-04-14', '2480.72'),
(846, 10, 18, '2019-02-17', '8412.09'),
(847, 8, 20, '2019-11-07', '7729.89'),
(848, 8, 18, '2019-07-21', '8830.28'),
(849, 9, 12, '2019-07-27', '1632.03'),
(850, 10, 1, '2019-04-19', '7956.04'),
(851, 8, 15, '2019-12-26', '4301.31'),
(852, 5, 19, '2019-12-30', '3618.00'),
(853, 2, 3, '2019-04-14', '195.03'),
(854, 10, 6, '2019-09-27', '8974.50'),
(855, 3, 20, '2019-03-26', '8275.48'),
(856, 2, 6, '2019-07-18', '6676.43'),
(857, 3, 3, '2019-05-23', '6420.67'),
(858, 6, 12, '2019-10-08', '6130.17'),
(859, 2, 8, '2019-05-19', '2646.57'),
(860, 3, 15, '2019-10-10', '2922.42'),
(861, 3, 1, '2019-04-25', '979.40'),
(862, 3, 14, '2019-05-16', '8572.61'),
(863, 7, 14, '2019-07-04', '1305.60'),
(864, 9, 10, '2019-03-15', '468.59'),
(865, 7, 2, '2019-10-27', '4357.28'),
(866, 4, 12, '2019-11-30', '642.81'),
(867, 5, 4, '2019-03-03', '2222.43'),
(868, 7, 9, '2019-07-17', '8129.77'),
(869, 9, 7, '2019-11-18', '6619.85'),
(870, 10, 3, '2019-10-18', '8375.42'),
(871, 7, 7, '2019-06-02', '3018.68'),
(872, 3, 14, '2020-01-22', '5337.72'),
(873, 1, 3, '2019-03-23', '3510.96'),
(874, 1, 3, '2019-07-02', '2319.71'),
(875, 10, 4, '2019-05-14', '7173.12'),
(876, 2, 11, '2019-10-06', '7051.25'),
(877, 9, 12, '2019-09-06', '1616.57'),
(878, 5, 4, '2019-11-04', '8358.11'),
(879, 1, 1, '2019-06-10', '1263.02'),
(880, 2, 20, '2019-11-13', '5550.91'),
(881, 6, 17, '2019-07-14', '3461.84'),
(882, 4, 6, '2019-06-21', '1094.14'),
(883, 7, 4, '2019-07-01', '5739.38'),
(884, 5, 2, '2019-06-18', '9120.93'),
(885, 8, 12, '2019-10-14', '9793.59'),
(886, 8, 16, '2019-08-11', '8794.83'),
(887, 3, 7, '2019-04-16', '2471.40'),
(888, 9, 2, '2019-08-30', '8876.78'),
(889, 3, 16, '2019-10-19', '886.13'),
(890, 4, 20, '2019-05-07', '9310.38'),
(891, 7, 9, '2019-09-14', '4496.26'),
(892, 6, 8, '2019-02-14', '5361.85'),
(893, 1, 17, '2019-04-22', '3925.64'),
(894, 4, 5, '2019-04-13', '9755.92'),
(895, 6, 8, '2019-06-09', '2543.75'),
(896, 2, 9, '2019-05-02', '208.43'),
(897, 6, 12, '2020-01-23', '3624.89'),
(898, 7, 9, '2019-04-16', '4326.01'),
(899, 9, 5, '2019-04-26', '3861.21'),
(900, 4, 9, '2019-09-01', '7589.47'),
(901, 7, 12, '2019-07-08', '6497.57'),
(902, 9, 17, '2019-10-16', '8197.58'),
(903, 3, 8, '2019-07-19', '4971.51'),
(904, 10, 17, '2019-04-04', '5543.81'),
(905, 8, 20, '2019-05-03', '1878.57'),
(906, 2, 13, '2019-08-15', '5704.62'),
(907, 1, 20, '2019-08-06', '4288.77'),
(908, 9, 12, '2020-02-06', '1485.92'),
(909, 7, 1, '2019-08-28', '654.17'),
(910, 6, 6, '2019-04-02', '5676.44'),
(911, 6, 3, '2019-08-08', '3088.45'),
(912, 5, 10, '2019-06-22', '4503.31'),
(913, 3, 16, '2019-05-26', '2389.17'),
(914, 6, 20, '2020-01-19', '4910.26'),
(915, 9, 5, '2019-02-16', '9940.51'),
(916, 1, 9, '2019-10-08', '5766.80'),
(917, 8, 12, '2020-01-09', '1680.06'),
(918, 8, 3, '2019-08-27', '1747.72'),
(919, 5, 15, '2019-10-29', '8418.90'),
(920, 4, 15, '2019-07-30', '7730.73'),
(921, 9, 19, '2019-09-23', '8269.70'),
(922, 10, 12, '2020-01-22', '9461.01'),
(923, 4, 6, '2019-05-15', '4599.26'),
(924, 5, 6, '2019-04-22', '352.64'),
(925, 7, 16, '2019-10-26', '9929.24'),
(926, 9, 11, '2019-09-27', '3441.34'),
(927, 2, 3, '2019-02-13', '191.95'),
(928, 9, 8, '2019-06-23', '7785.92'),
(929, 8, 20, '2019-06-20', '26.32'),
(930, 10, 16, '2019-12-30', '889.35'),
(931, 5, 15, '2019-10-22', '9337.55'),
(932, 9, 15, '2019-05-21', '3910.06'),
(933, 9, 5, '2019-03-28', '6200.93'),
(934, 8, 18, '2019-06-06', '2958.18'),
(935, 9, 13, '2020-01-07', '1111.01'),
(936, 1, 10, '2019-09-15', '5678.89'),
(937, 1, 4, '2019-09-29', '723.32'),
(938, 3, 17, '2019-08-08', '91.19'),
(939, 4, 8, '2019-10-15', '1666.87'),
(940, 9, 8, '2019-11-01', '6470.25'),
(941, 9, 12, '2019-03-11', '2976.38'),
(942, 7, 5, '2019-03-10', '1027.64'),
(943, 6, 9, '2019-11-23', '5784.88'),
(944, 6, 7, '2019-08-28', '5619.22'),
(945, 3, 10, '2019-05-26', '6020.59'),
(946, 6, 11, '2019-12-07', '6781.51'),
(947, 3, 15, '2019-06-30', '8866.21'),
(948, 8, 17, '2019-06-21', '1535.77'),
(949, 5, 15, '2019-09-02', '4540.66'),
(950, 7, 9, '2019-04-19', '9918.48'),
(951, 9, 15, '2019-09-28', '2613.03'),
(952, 1, 2, '2019-10-13', '8128.68'),
(953, 1, 5, '2019-03-14', '2397.15'),
(954, 2, 1, '2019-07-30', '8081.85'),
(955, 3, 5, '2019-05-19', '8633.82'),
(956, 7, 2, '2019-08-15', '8522.81'),
(957, 4, 17, '2019-09-14', '478.46'),
(958, 7, 18, '2019-05-17', '9146.57'),
(959, 2, 8, '2019-04-01', '5537.27'),
(960, 1, 20, '2019-12-22', '1217.84'),
(961, 4, 1, '2019-11-16', '6541.06'),
(962, 9, 13, '2019-04-09', '451.65'),
(963, 8, 15, '2019-09-17', '6944.18'),
(964, 4, 9, '2020-01-13', '2638.77'),
(965, 7, 19, '2019-12-29', '4581.21'),
(966, 9, 14, '2019-07-08', '2222.32'),
(967, 5, 9, '2019-11-14', '3568.52'),
(968, 2, 2, '2019-04-26', '1484.38'),
(969, 7, 10, '2019-05-01', '8287.88'),
(970, 8, 1, '2019-07-31', '2357.36'),
(971, 8, 6, '2019-12-22', '524.90'),
(972, 1, 5, '2019-09-18', '24.24'),
(973, 8, 10, '2019-04-20', '8678.71'),
(974, 4, 2, '2019-09-25', '6451.09'),
(975, 10, 9, '2019-06-30', '4144.26'),
(976, 2, 3, '2020-01-16', '7821.58'),
(977, 7, 17, '2020-01-29', '7902.95'),
(978, 6, 3, '2019-09-21', '4286.41'),
(979, 8, 12, '2019-04-17', '6882.59'),
(980, 4, 13, '2019-05-11', '6618.34'),
(981, 5, 3, '2019-09-23', '5303.54'),
(982, 3, 14, '2019-12-31', '8758.63'),
(983, 5, 15, '2019-10-12', '5084.84'),
(984, 5, 3, '2019-07-25', '8645.17'),
(985, 6, 18, '2019-11-02', '4413.98'),
(986, 5, 14, '2019-10-06', '2735.43'),
(987, 2, 2, '2019-07-19', '8710.60'),
(988, 3, 3, '2019-09-30', '3719.24'),
(989, 6, 2, '2019-05-25', '864.34'),
(990, 4, 11, '2020-02-05', '637.64'),
(991, 8, 17, '2019-12-24', '3244.95'),
(992, 9, 2, '2019-07-23', '5903.82'),
(993, 5, 8, '2019-02-22', '7808.32'),
(994, 4, 17, '2019-12-06', '3747.99'),
(995, 9, 11, '2019-04-12', '2498.97'),
(996, 3, 16, '2020-01-23', '2515.59'),
(997, 10, 13, '2019-07-22', '117.66'),
(998, 7, 10, '2019-03-17', '4170.25'),
(999, 3, 1, '2019-02-21', '645.46'),
(1000, 7, 10, '2020-01-08', '8436.24');

--
-- Índices para tablas volcadas
--

--
-- Indices de la tabla `clientes`
--
ALTER TABLE `clientes`
  ADD PRIMARY KEY (`id`);

--
-- Indices de la tabla `vendedores`
--
ALTER TABLE `vendedores`
  ADD PRIMARY KEY (`id`);

--
-- Indices de la tabla `ventas`
--
ALTER TABLE `ventas`
  ADD PRIMARY KEY (`id`),
  ADD KEY `fk_ventas_vendedores` (`vendedor`),
  ADD KEY `fk_ventas_clientes` (`cliente`);

--
-- AUTO_INCREMENT de las tablas volcadas
--

--
-- AUTO_INCREMENT de la tabla `clientes`
--
ALTER TABLE `clientes`
  MODIFY `id` int(11) NOT NULL AUTO_INCREMENT, AUTO_INCREMENT=21;

--
-- AUTO_INCREMENT de la tabla `vendedores`
--
ALTER TABLE `vendedores`
  MODIFY `id` int(11) NOT NULL AUTO_INCREMENT, AUTO_INCREMENT=11;

--
-- AUTO_INCREMENT de la tabla `ventas`
--
ALTER TABLE `ventas`
  MODIFY `id` int(11) NOT NULL AUTO_INCREMENT, AUTO_INCREMENT=1001;

--
-- Restricciones para tablas volcadas
--

--
-- Filtros para la tabla `ventas`
--
ALTER TABLE `ventas`
  ADD CONSTRAINT `fk_ventas_clientes` FOREIGN KEY (`cliente`) REFERENCES `clientes` (`id`) ON DELETE CASCADE ON UPDATE CASCADE,
  ADD CONSTRAINT `fk_ventas_vendedores` FOREIGN KEY (`vendedor`) REFERENCES `vendedores` (`id`) ON DELETE CASCADE ON UPDATE CASCADE;
COMMIT;

/*!40101 SET CHARACTER_SET_CLIENT=@OLD_CHARACTER_SET_CLIENT */;
/*!40101 SET CHARACTER_SET_RESULTS=@OLD_CHARACTER_SET_RESULTS */;
/*!40101 SET COLLATION_CONNECTION=@OLD_COLLATION_CONNECTION */;
